timestamp,VRDRHValidData,VRDRH,VRDLHValidData,VRDLH,VRDRVValidData,VRDRV,VRDLVValidData,VRDLV
1589449616.8149006,0,0.0,0,0.0,0,0.0,0,0.0
1589449616.826701,0,0.0,0,0.0,0,0.0,0,0.0
1589449616.8348706,0,0.0,0,0.0,0,0.0,0,0.0
1589449616.8466988,0,0.0,0,0.0,0,0.0,0,0.0
1589449616.8548744,0,0.0,0,0.0,0,0.0,0,0.0
1589449616.8666978,0,0.0,0,0.0,0,0.0,0,0.0
1589449616.8748956,0,0.0,0,0.0,0,0.0,0,0.0
1589449616.886794,0,0.0,0,0.0,0,0.0,0,0.0
1589449616.8948574,0,0.0,0,0.0,0,0.0,0,0.0
1589449616.906817,0,0.0,0,0.0,0,0.0,0,0.0
1589449616.9148686,0,0.0,0,0.0,0,0.0,0,0.0
1589449616.926824,0,0.0,0,0.0,0,0.0,0,0.0
1589449616.9348962,0,0.0,0,0.0,0,0.0,0,0.0
1589449616.946803,0,0.0,0,0.0,0,0.0,0,0.0
1589449616.9548733,0,0.0,0,0.0,0,0.0,0,0.0
1589449616.9668913,0,0.0,0,0.0,0,0.0,0,0.0
1589449616.9748569,0,0.0,0,0.0,0,0.0,0,0.0
1589449616.986815,0,0.0,0,0.0,0,0.0,0,0.0
1589449616.9968078,0,0.0,0,0.0,0,0.0,0,0.0
1589449617.0067828,0,0.0,0,0.0,0,0.0,0,0.0
1589449617.0166554,0,0.0,0,0.0,0,0.0,0,0.0
1589449617.0267663,0,0.0,0,0.0,0,0.0,0,0.0
1589449617.0367455,0,0.0,0,0.0,0,0.0,0,0.0
1589449617.0472836,0,0.0,0,0.0,0,0.0,0,0.0
1589449617.0548716,0,0.0,0,0.0,0,0.0,0,0.0
1589449617.0667093,0,0.0,0,0.0,0,0.0,0,0.0
1589449617.074915,0,0.0,0,0.0,0,0.0,0,0.0
1589449617.0867777,0,0.0,0,0.0,0,0.0,0,0.0
1589449617.0966861,0,0.0,0,0.0,0,0.0,0,0.0
1589449617.106829,0,0.0,0,0.0,0,0.0,0,0.0
1589449617.1148903,0,0.0,0,0.0,0,0.0,0,0.0
1589449617.1267135,0,0.0,0,0.0,0,0.0,0,0.0
1589449617.134892,0,0.0,0,0.0,0,0.0,0,0.0
1589449617.146712,0,0.0,0,0.0,0,0.0,0,0.0
1589449617.1549127,0,0.0,0,0.0,0,0.0,0,0.0
1589449617.1667104,0,0.0,0,0.0,0,0.0,0,0.0
1589449617.1767712,0,0.0,0,0.0,0,0.0,0,0.0
1589449617.1873085,0,0.0,0,0.0,0,0.0,0,0.0
1589449617.197858,0,0.0,0,0.0,0,0.0,0,0.0
1589449617.2079928,0,0.0,0,0.0,0,0.0,0,0.0
1589449617.217801,0,0.0,0,0.0,0,0.0,0,0.0
1589449617.2278714,0,0.0,0,0.0,0,0.0,0,0.0
1589449617.2348745,0,0.0,0,0.0,0,0.0,0,0.0
1589449617.2481716,0,0.0,0,0.0,0,0.0,0,0.0
1589449617.254881,0,0.0,0,0.0,0,0.0,0,0.0
1589449617.2667084,0,0.0,0,0.0,0,0.0,0,0.0
1589449617.274852,0,0.0,0,0.0,0,0.0,0,0.0
1589449617.2867563,0,0.0,0,0.0,0,0.0,0,0.0
1589449617.2966971,0,0.0,0,0.0,0,0.0,0,0.0
1589449617.306996,0,0.0,0,0.0,0,0.0,0,0.0
1589449617.3148797,0,0.0,0,0.0,0,0.0,0,0.0
1589449617.3267052,0,0.0,0,0.0,0,0.0,0,0.0
1589449617.3348694,0,0.0,0,0.0,0,0.0,0,0.0
1589449617.3467076,0,0.0,0,0.0,0,0.0,0,0.0
1589449617.3548899,0,0.0,0,0.0,0,0.0,0,0.0
1589449617.3667076,0,0.0,0,0.0,0,0.0,0,0.0
1589449617.3769603,0,0.0,0,0.0,0,0.0,0,0.0
1589449617.3875773,0,0.0,0,0.0,0,0.0,0,0.0
1589449617.397866,0,0.0,0,0.0,0,0.0,0,0.0
1589449617.4079108,0,0.0,0,0.0,0,0.0,0,0.0
1589449617.4148953,0,0.0,0,0.0,0,0.0,0,0.0
1589449617.427876,0,0.0,0,0.0,0,0.0,0,0.0
1589449617.434885,0,0.0,0,0.0,0,0.0,0,0.0
1589449617.4478848,0,0.0,0,0.0,0,0.0,0,0.0
1589449617.4548697,0,0.0,0,0.0,0,0.0,0,0.0
1589449617.4667118,0,0.0,0,0.0,0,0.0,0,0.0
1589449617.4748473,0,0.0,0,0.0,0,0.0,0,0.0
1589449617.4867787,0,0.0,0,0.0,0,0.0,0,0.0
1589449617.496712,0,0.0,0,0.0,0,0.0,0,0.0
1589449617.5067468,0,0.0,0,0.0,0,0.0,0,0.0
1589449617.514884,0,0.0,0,0.0,0,0.0,0,0.0
1589449617.5267177,0,0.0,0,0.0,0,0.0,0,0.0
1589449617.5348494,0,0.0,0,0.0,0,0.0,0,0.0
1589449617.5467274,0,0.0,0,0.0,0,0.0,0,0.0
1589449617.5548623,0,0.0,0,0.0,0,0.0,0,0.0
1589449617.566716,0,0.0,0,0.0,0,0.0,0,0.0
1589449617.5766246,0,0.0,0,0.0,0,0.0,0,0.0
1589449617.5867636,0,0.0,0,0.0,0,0.0,0,0.0
1589449617.5967007,0,0.0,0,0.0,0,0.0,0,0.0
1589449617.6067612,0,0.0,0,0.0,0,0.0,0,0.0
1589449617.6166196,0,0.0,0,0.0,0,0.0,0,0.0
1589449617.6267185,0,0.0,0,0.0,0,0.0,0,0.0
1589449617.634882,0,0.0,0,0.0,0,0.0,0,0.0
1589449617.6467247,0,0.0,0,0.0,0,0.0,0,0.0
1589449617.656826,0,0.0,0,0.0,0,0.0,0,0.0
1589449617.666749,0,0.0,0,0.0,0,0.0,0,0.0
1589449617.6747959,0,0.0,0,0.0,0,0.0,0,0.0
1589449617.6867576,0,0.0,0,0.0,0,0.0,0,0.0
1589449617.6967075,0,0.0,0,0.0,0,0.0,0,0.0
1589449617.7068245,0,0.0,0,0.0,0,0.0,0,0.0
1589449617.7166228,0,0.0,0,0.0,0,0.0,0,0.0
1589449617.7267294,0,0.0,0,0.0,0,0.0,0,0.0
1589449617.7348528,0,0.0,0,0.0,0,0.0,0,0.0
1589449617.7467372,0,0.0,0,0.0,0,0.0,0,0.0
1589449617.754852,0,0.0,0,0.0,0,0.0,0,0.0
1589449617.766738,0,0.0,0,0.0,0,0.0,0,0.0
1589449617.7748735,0,0.0,0,0.0,0,0.0,0,0.0
1589449617.7868934,0,0.0,0,0.0,0,0.0,0,0.0
1589449617.7967148,0,0.0,0,0.0,0,0.0,0,0.0
1589449617.8067715,0,0.0,0,0.0,0,0.0,0,0.0
1589449617.8166144,0,0.0,0,0.0,0,0.0,0,0.0
1589449617.826725,0,0.0,0,0.0,0,0.0,0,0.0
1589449617.8348486,0,0.0,0,0.0,0,0.0,0,0.0
1589449617.846725,0,0.0,0,0.0,0,0.0,0,0.0
1589449617.8565984,0,0.0,0,0.0,0,0.0,0,0.0
1589449617.866729,0,0.0,0,0.0,0,0.0,0,0.0
1589449617.8748546,0,0.0,0,0.0,0,0.0,0,0.0
1589449617.8867586,0,0.0,0,0.0,0,0.0,0,0.0
1589449617.8967156,0,0.0,0,0.0,0,0.0,0,0.0
1589449617.9067404,0,0.0,0,0.0,0,0.0,0,0.0
1589449617.916607,0,0.0,0,0.0,0,0.0,0,0.0
1589449617.9267354,0,0.0,0,0.0,0,0.0,0,0.0
1589449617.9348493,0,0.0,0,0.0,0,0.0,0,0.0
1589449617.9473083,0,0.0,0,0.0,0,0.0,0,0.0
1589449617.956788,0,0.0,0,0.0,0,0.0,0,0.0
1589449617.9667358,0,0.0,0,0.0,0,0.0,0,0.0
1589449617.9748614,0,0.0,0,0.0,0,0.0,0,0.0
1589449617.986749,0,0.0,0,0.0,0,0.0,0,0.0
1589449617.997883,0,0.0,0,0.0,0,0.0,0,0.0
1589449618.0079136,0,0.0,0,0.0,0,0.0,0,0.0
1589449618.016597,0,0.0,0,0.0,0,0.0,0,0.0
1589449618.0267377,0,0.0,0,0.0,0,0.0,0,0.0
1589449618.0348492,0,0.0,0,0.0,0,0.0,0,0.0
1589449618.0467436,0,0.0,0,0.0,0,0.0,0,0.0
1589449618.0565984,0,0.0,0,0.0,0,0.0,0,0.0
1589449618.0667377,0,0.0,0,0.0,0,0.0,0,0.0
1589449618.0765982,0,0.0,0,0.0,0,0.0,0,0.0
1589449618.0867412,0,0.0,0,0.0,0,0.0,0,0.0
1589449618.0967164,0,0.0,0,0.0,0,0.0,0,0.0
1589449618.1067514,0,0.0,0,0.0,0,0.0,0,0.0
1589449618.1165938,0,0.0,0,0.0,0,0.0,0,0.0
1589449618.1267345,0,0.0,0,0.0,0,0.0,0,0.0
1589449618.136593,0,0.0,0,0.0,0,0.0,0,0.0
1589449618.1467388,0,0.0,0,0.0,0,0.0,0,0.0
1589449618.1548474,0,0.0,0,0.0,0,0.0,0,0.0
1589449618.166746,0,0.0,0,0.0,0,0.0,0,0.0
1589449618.1748395,0,0.0,0,0.0,0,0.0,0,0.0
1589449618.1867714,0,0.0,0,0.0,0,0.0,0,0.0
1589449618.1966643,0,0.0,0,0.0,0,0.0,0,0.0
1589449618.2067494,0,0.0,0,0.0,0,0.0,0,0.0
1589449618.2177532,0,0.0,0,0.0,0,0.0,0,0.0
1589449618.2279017,0,0.0,0,0.0,0,0.0,0,0.0
1589449618.234842,0,0.0,0,0.0,0,0.0,0,0.0
1589449618.2471347,0,0.0,0,0.0,0,0.0,0,0.0
1589449618.2565897,0,0.0,0,0.0,0,0.0,0,0.0
1589449618.2667384,0,0.0,0,0.0,0,0.0,0,0.0
1589449618.276589,0,0.0,0,0.0,0,0.0,0,0.0
1589449618.2867796,0,0.0,0,0.0,0,0.0,0,0.0
1589449618.2967324,0,0.0,0,0.0,0,0.0,0,0.0
1589449618.3067477,0,0.0,0,0.0,0,0.0,0,0.0
1589449618.3165865,0,0.0,0,0.0,0,0.0,0,0.0
1589449618.326799,0,0.0,0,0.0,0,0.0,0,0.0
1589449618.3366158,0,0.0,0,0.0,0,0.0,0,0.0
1589449618.3467546,0,0.0,0,0.0,0,0.0,0,0.0
1589449618.3565862,0,0.0,0,0.0,0,0.0,0,0.0
1589449618.3668973,0,0.0,0,0.0,0,0.0,0,0.0
1589449618.374839,0,0.0,0,0.0,0,0.0,0,0.0
1589449618.3870254,0,0.0,0,0.0,0,0.0,0,0.0
1589449618.3967578,0,0.0,0,0.0,0,0.0,0,0.0
1589449618.4067674,0,0.0,0,0.0,0,0.0,0,0.0
1589449618.416576,0,0.0,0,0.0,0,0.0,0,0.0
1589449618.4269388,0,0.0,0,0.0,0,0.0,0,0.0
1589449618.4348445,0,0.0,0,0.0,0,0.0,0,0.0
1589449618.4467587,0,0.0,0,0.0,0,0.0,0,0.0
1589449618.456595,0,0.0,0,0.0,0,0.0,0,0.0
1589449618.4679084,0,0.0,0,0.0,0,0.0,0,0.0
1589449618.4765842,0,0.0,0,0.0,0,0.0,0,0.0
1589449618.486759,0,0.0,0,0.0,0,0.0,0,0.0
1589449618.4967418,0,0.0,0,0.0,0,0.0,0,0.0
1589449618.5067587,0,0.0,0,0.0,0,0.0,0,0.0
1589449618.5165772,0,0.0,0,0.0,0,0.0,0,0.0
1589449618.5267477,0,0.0,0,0.0,0,0.0,0,0.0
1589449618.5348394,0,0.0,0,0.0,0,0.0,0,0.0
1589449618.5467496,0,0.0,0,0.0,0,0.0,0,0.0
1589449618.5565708,0,0.0,0,0.0,0,0.0,0,0.0
1589449618.5667582,0,0.0,0,0.0,0,0.0,0,0.0
1589449618.5765686,0,0.0,0,0.0,0,0.0,0,0.0
1589449618.5867589,0,0.0,0,0.0,0,0.0,0,0.0
1589449618.5967355,0,0.0,0,0.0,0,0.0,0,0.0
1589449618.6067708,0,0.0,0,0.0,0,0.0,0,0.0
1589449618.6165671,0,0.0,0,0.0,0,0.0,0,0.0
1589449618.626752,0,0.0,0,0.0,0,0.0,0,0.0
1589449618.6365707,0,0.0,0,0.0,0,0.0,0,0.0
1589449618.6467533,0,0.0,0,0.0,0,0.0,0,0.0
1589449618.6565592,0,0.0,0,0.0,0,0.0,0,0.0
1589449618.6648026,0,0.0,0,0.0,0,0.0,0,0.0
1589449618.6777296,0,0.0,0,0.0,0,0.0,0,0.0
1589449618.6879163,0,0.0,0,0.0,0,0.0,0,0.0
1589449618.6967394,0,0.0,0,0.0,0,0.0,0,0.0
1589449618.7067676,0,0.0,0,0.0,0,0.0,0,0.0
1589449618.7165618,0,0.0,0,0.0,0,0.0,0,0.0
1589449618.7267628,0,0.0,0,0.0,0,0.0,0,0.0
1589449618.7348263,0,0.0,0,0.0,0,0.0,0,0.0
1589449618.7467704,0,0.0,0,0.0,0,0.0,0,0.0
1589449618.7565598,0,0.0,0,0.0,0,0.0,0,0.0
1589449618.766759,0,0.0,0,0.0,0,0.0,0,0.0
1589449618.776558,0,0.0,0,0.0,0,0.0,0,0.0
1589449618.786759,0,0.0,0,0.0,0,0.0,0,0.0
1589449618.7967412,0,0.0,0,0.0,0,0.0,0,0.0
1589449618.807011,0,0.0,0,0.0,0,0.0,0,0.0
1589449618.8165512,0,0.0,0,0.0,0,0.0,0,0.0
1589449618.8267598,0,0.0,0,0.0,0,0.0,0,0.0
1589449618.8365588,0,0.0,0,0.0,0,0.0,0,0.0
1589449618.8467598,0,0.0,0,0.0,0,0.0,0,0.0
1589449618.8565547,0,0.0,0,0.0,0,0.0,0,0.0
1589449618.8667614,0,0.0,0,0.0,0,0.0,0,0.0
1589449618.8765547,0,0.0,0,0.0,0,0.0,0,0.0
1589449618.8867676,0,0.0,0,0.0,0,0.0,0,0.0
1589449618.896588,0,0.0,0,0.0,0,0.0,0,0.0
1589449618.906956,0,0.0,0,0.0,0,0.0,0,0.0
1589449618.9165525,0,0.0,0,0.0,0,0.0,0,0.0
1589449618.924784,0,0.0,0,0.0,0,0.0,0,0.0
1589449618.9365501,0,0.0,0,0.0,0,0.0,0,0.0
1589449618.9467583,0,0.0,0,0.0,0,0.0,0,0.0
1589449618.9577048,0,0.0,0,0.0,0,0.0,0,0.0
1589449618.967349,0,0.0,0,0.0,0,0.0,0,0.0
1589449618.9765458,0,0.0,0,0.0,0,0.0,0,0.0
1589449618.9867704,0,0.0,0,0.0,0,0.0,0,0.0
1589449618.9967632,0,0.0,0,0.0,0,0.0,0,0.0
1589449619.0069084,0,0.0,0,0.0,0,0.0,0,0.0
1589449619.016547,0,0.0,0,0.0,0,0.0,0,0.0
1589449619.0267675,0,0.0,0,0.0,0,0.0,0,0.0
1589449619.0365443,0,0.0,0,0.0,0,0.0,0,0.0
1589449619.0467732,0,0.0,0,0.0,0,0.0,0,0.0
1589449619.0565445,0,0.0,0,0.0,0,0.0,0,0.0
1589449619.0667691,0,0.0,0,0.0,0,0.0,0,0.0
1589449619.0765467,0,0.0,0,0.0,0,0.0,0,0.0
1589449619.0872052,0,0.0,0,0.0,0,0.0,0,0.0
1589449619.0967488,0,0.0,0,0.0,0,0.0,0,0.0
1589449619.1067781,0,0.0,0,0.0,0,0.0,0,0.0
1589449619.1165404,0,0.0,0,0.0,0,0.0,0,0.0
1589449619.126771,0,0.0,0,0.0,0,0.0,0,0.0
1589449619.1365356,0,0.0,0,0.0,0,0.0,0,0.0
1589449619.1467705,0,0.0,0,0.0,0,0.0,0,0.0
1589449619.1565838,0,0.0,0,0.0,0,0.0,0,0.0
1589449619.1667728,0,0.0,0,0.0,0,0.0,0,0.0
1589449619.1765401,0,0.0,0,0.0,0,0.0,0,0.0
1589449619.186771,0,0.0,0,0.0,0,0.0,0,0.0
1589449619.1967535,0,0.0,0,0.0,0,0.0,0,0.0
1589449619.2068014,0,0.0,0,0.0,0,0.0,0,0.0
1589449619.2165344,0,0.0,0,0.0,0,0.0,0,0.0
1589449619.2267709,0,0.0,0,0.0,0,0.0,0,0.0
1589449619.2365334,0,0.0,0,0.0,0,0.0,0,0.0
1589449619.247063,0,0.0,0,0.0,0,0.0,0,0.0
1589449619.2565315,0,0.0,0,0.0,0,0.0,0,0.0
1589449619.266773,0,0.0,0,0.0,0,0.0,0,0.0
1589449619.2765303,0,0.0,0,0.0,0,0.0,0,0.0
1589449619.2872427,0,0.0,0,0.0,0,0.0,0,0.0
1589449619.2979155,0,0.0,0,0.0,0,0.0,0,0.0
1589449619.3080022,0,0.0,0,0.0,0,0.0,0,0.0
1589449619.317697,0,0.0,0,0.0,0,0.0,0,0.0
1589449619.3279414,0,0.0,0,0.0,0,0.0,0,0.0
1589449619.337688,0,0.0,0,0.0,0,0.0,0,0.0
1589449619.3479407,0,0.0,0,0.0,0,0.0,0,0.0
1589449619.3576853,0,0.0,0,0.0,0,0.0,0,0.0
1589449619.3679485,0,0.0,0,0.0,0,0.0,0,0.0
1589449619.3776937,0,0.0,0,0.0,0,0.0,0,0.0
1589449619.3879447,0,0.0,0,0.0,0,0.0,0,0.0
1589449619.397933,0,0.0,0,0.0,0,0.0,0,0.0
1589449619.4079554,0,0.0,0,0.0,0,0.0,0,0.0
1589449619.4176843,0,0.0,0,0.0,0,0.0,0,0.0
1589449619.4279428,0,0.0,0,0.0,0,0.0,0,0.0
1589449619.4376872,0,0.0,0,0.0,0,0.0,0,0.0
1589449619.4479444,0,0.0,0,0.0,0,0.0,0,0.0
1589449619.4565222,0,0.0,0,0.0,0,0.0,0,0.0
1589449619.4667819,0,0.0,0,0.0,0,0.0,0,0.0
1589449619.4765253,0,0.0,0,0.0,0,0.0,0,0.0
1589449619.4867823,0,0.0,0,0.0,0,0.0,0,0.0
1589449619.4967752,0,0.0,0,0.0,0,0.0,0,0.0
1589449619.5067897,0,0.0,0,0.0,0,0.0,0,0.0
1589449619.5165188,0,0.0,0,0.0,0,0.0,0,0.0
1589449619.5267873,0,0.0,0,0.0,0,0.0,0,0.0
1589449619.536518,0,0.0,0,0.0,0,0.0,0,0.0
1589449619.546787,0,0.0,0,0.0,0,0.0,0,0.0
1589449619.556518,0,0.0,0,0.0,0,0.0,0,0.0
1589449619.5668316,0,0.0,0,0.0,0,0.0,0,0.0
1589449619.5765157,0,0.0,0,0.0,0,0.0,0,0.0
1589449619.5868344,0,0.0,0,0.0,0,0.0,0,0.0
1589449619.5967753,0,0.0,0,0.0,0,0.0,0,0.0
1589449619.604801,0,0.0,0,0.0,0,0.0,0,0.0
1589449619.6165087,0,0.0,0,0.0,0,0.0,0,0.0
1589449619.6270494,0,0.0,0,0.0,0,0.0,0,0.0
1589449619.6365163,0,0.0,0,0.0,0,0.0,0,0.0
1589449619.646787,0,0.0,0,0.0,0,0.0,0,0.0
1589449619.656548,0,0.0,0,0.0,0,0.0,0,0.0
1589449619.6668391,0,0.0,0,0.0,0,0.0,0,0.0
1589449619.6765249,0,0.0,0,0.0,0,0.0,0,0.0
1589449619.6870656,0,0.0,0,0.0,0,0.0,0,0.0
1589449619.6967802,0,0.0,0,0.0,0,0.0,0,0.0
1589449619.706819,0,0.0,0,0.0,0,0.0,0,0.0
1589449619.716509,0,0.0,0,0.0,0,0.0,0,0.0
1589449619.7267916,0,0.0,0,0.0,0,0.0,0,0.0
1589449619.7365062,0,0.0,0,0.0,0,0.0,0,0.0
1589449619.7447572,0,0.0,0,0.0,0,0.0,0,0.0
1589449619.756513,0,0.0,0,0.0,0,0.0,0,0.0
1589449619.7667906,0,0.0,0,0.0,0,0.0,0,0.0
1589449619.776506,0,0.0,0,0.0,0,0.0,0,0.0
1589449619.7867966,0,0.0,0,0.0,0,0.0,0,0.0
1589449619.7967792,0,0.0,0,0.0,0,0.0,0,0.0
1589449619.806884,0,0.0,0,0.0,0,0.0,0,0.0
1589449619.8165033,0,0.0,0,0.0,0,0.0,0,0.0
1589449619.8269901,0,0.0,0,0.0,0,0.0,0,0.0
1589449619.837667,0,0.0,0,0.0,0,0.0,0,0.0
1589449619.8479517,0,0.0,0,0.0,0,0.0,0,0.0
1589449619.8564992,0,0.0,0,0.0,0,0.0,0,0.0
1589449619.8667886,0,0.0,0,0.0,0,0.0,0,0.0
1589449619.876502,0,0.0,0,0.0,0,0.0,0,0.0
1589449619.886789,0,0.0,0,0.0,0,0.0,0,0.0
1589449619.8967795,0,0.0,0,0.0,0,0.0,0,0.0
1589449619.9067843,0,0.0,0,0.0,0,0.0,0,0.0
1589449619.9164972,0,0.0,0,0.0,0,0.0,0,0.0
1589449619.926786,0,0.0,0,0.0,0,0.0,0,0.0
1589449619.9364927,0,0.0,0,0.0,0,0.0,0,0.0
1589449619.9467862,0,0.0,0,0.0,0,0.0,0,0.0
1589449619.9564989,0,0.0,0,0.0,0,0.0,0,0.0
1589449619.966787,0,0.0,0,0.0,0,0.0,0,0.0
1589449619.976496,0,0.0,0,0.0,0,0.0,0,0.0
1589449619.9867878,0,0.0,0,0.0,0,0.0,0,0.0
1589449619.9964983,0,0.0,0,0.0,0,0.0,0,0.0
1589449620.0067878,0,0.0,0,0.0,0,0.0,0,0.0
1589449620.0164928,0,0.0,0,0.0,0,0.0,0,0.0
1589449620.0267794,0,0.0,0,0.0,0,0.0,0,0.0
1589449620.0364983,0,0.0,0,0.0,0,0.0,0,0.0
1589449620.0467792,0,0.0,0,0.0,0,0.0,0,0.0
1589449620.0566404,0,0.0,0,0.0,0,0.0,0,0.0
1589449620.0668333,0,0.0,0,0.0,0,0.0,0,0.0
1589449620.0774002,0,0.0,0,0.0,0,0.0,0,0.0
1589449620.0878417,0,0.0,0,0.0,0,0.0,0,0.0
1589449620.0964844,0,0.0,0,0.0,0,0.0,0,0.0
1589449620.1070213,0,0.0,0,0.0,0,0.0,0,0.0
1589449620.1172056,0,0.0,0,0.0,0,0.0,0,0.0
1589449620.1279392,0,0.0,0,0.0,0,0.0,0,0.0
1589449620.1376476,0,0.0,0,0.0,0,0.0,0,0.0
1589449620.1479347,0,0.0,0,0.0,0,0.0,0,0.0
1589449620.156489,0,0.0,0,0.0,0,0.0,0,0.0
1589449620.1667714,0,0.0,0,0.0,0,0.0,0,0.0
1589449620.1764789,0,0.0,0,0.0,0,0.0,0,0.0
1589449620.1867979,0,0.0,0,0.0,0,0.0,0,0.0
1589449620.1964827,0,0.0,0,0.0,0,0.0,0,0.0
1589449620.2068155,0,0.0,0,0.0,0,0.0,0,0.0
1589449620.2164807,0,0.0,0,0.0,0,0.0,0,0.0
1589449620.2267697,0,0.0,0,0.0,0,0.0,0,0.0
1589449620.2364802,0,0.0,0,0.0,0,0.0,0,0.0
1589449620.2467632,0,0.0,0,0.0,0,0.0,0,0.0
1589449620.2564764,0,0.0,0,0.0,0,0.0,0,0.0
1589449620.2667708,0,0.0,0,0.0,0,0.0,0,0.0
1589449620.2764862,0,0.0,0,0.0,0,0.0,0,0.0
1589449620.2867653,0,0.0,0,0.0,0,0.0,0,0.0
1589449620.2964797,0,0.0,0,0.0,0,0.0,0,0.0
1589449620.3068907,0,0.0,0,0.0,0,0.0,0,0.0
1589449620.316481,0,0.0,0,0.0,0,0.0,0,0.0
1589449620.3267703,0,0.0,0,0.0,0,0.0,0,0.0
1589449620.3364747,0,0.0,0,0.0,0,0.0,0,0.0
1589449620.3467596,0,0.0,0,0.0,0,0.0,0,0.0
1589449620.3564742,0,0.0,0,0.0,0,0.0,0,0.0
1589449620.366759,0,0.0,0,0.0,0,0.0,0,0.0
1589449620.3764722,0,0.0,0,0.0,0,0.0,0,0.0
1589449620.386762,0,0.0,0,0.0,0,0.0,0,0.0
1589449620.39648,0,0.0,0,0.0,0,0.0,0,0.0
1589449620.4067574,0,0.0,0,0.0,0,0.0,0,0.0
1589449620.416468,0,0.0,0,0.0,0,0.0,0,0.0
1589449620.426763,0,0.0,0,0.0,0,0.0,0,0.0
1589449620.436478,0,0.0,0,0.0,0,0.0,0,0.0
1589449620.4467611,0,0.0,0,0.0,0,0.0,0,0.0
1589449620.4564679,0,0.0,0,0.0,0,0.0,0,0.0
1589449620.4667556,0,0.0,0,0.0,0,0.0,0,0.0
1589449620.476471,0,0.0,0,0.0,0,0.0,0,0.0
1589449620.4867623,0,0.0,0,0.0,0,0.0,0,0.0
1589449620.4964666,0,0.0,0,0.0,0,0.0,0,0.0
1589449620.5067556,0,0.0,0,0.0,0,0.0,0,0.0
1589449620.5164661,0,0.0,0,0.0,0,0.0,0,0.0
1589449620.5267515,0,0.0,0,0.0,0,0.0,0,0.0
1589449620.5364642,0,0.0,0,0.0,0,0.0,0,0.0
1589449620.5467534,0,0.0,0,0.0,0,0.0,0,0.0
1589449620.5564704,0,0.0,0,0.0,0,0.0,0,0.0
1589449620.5667493,0,0.0,0,0.0,0,0.0,0,0.0
1589449620.5764606,0,0.0,0,0.0,0,0.0,0,0.0
1589449620.586754,0,0.0,0,0.0,0,0.0,0,0.0
1589449620.596469,0,0.0,0,0.0,0,0.0,0,0.0
1589449620.6067493,0,0.0,0,0.0,0,0.0,0,0.0
1589449620.616462,0,0.0,0,0.0,0,0.0,0,0.0
1589449620.626749,0,0.0,0,0.0,0,0.0,0,0.0
1589449620.63646,0,0.0,0,0.0,0,0.0,0,0.0
1589449620.646755,0,0.0,0,0.0,0,0.0,0,0.0
1589449620.656458,0,0.0,0,0.0,0,0.0,0,0.0
1589449620.6668887,0,0.0,0,0.0,0,0.0,0,0.0
1589449620.6776164,0,0.0,0,0.0,0,0.0,0,0.0
1589449620.687818,0,0.0,0,0.0,0,0.0,0,0.0
1589449620.696651,0,0.0,0,0.0,0,0.0,0,0.0
1589449620.7067444,0,0.0,0,0.0,0,0.0,0,0.0
1589449620.716454,0,0.0,0,0.0,0,0.0,0,0.0
1589449620.7267408,0,0.0,0,0.0,0,0.0,0,0.0
1589449620.7364511,0,0.0,0,0.0,0,0.0,0,0.0
1589449620.7467458,0,0.0,0,0.0,0,0.0,0,0.0
1589449620.7564592,0,0.0,0,0.0,0,0.0,0,0.0
1589449620.766744,0,0.0,0,0.0,0,0.0,0,0.0
1589449620.776453,0,0.0,0,0.0,0,0.0,0,0.0
1589449620.7869904,0,0.0,0,0.0,0,0.0,0,0.0
1589449620.796455,0,0.0,0,0.0,0,0.0,0,0.0
1589449620.8067453,0,0.0,0,0.0,0,0.0,0,0.0
1589449620.81645,0,0.0,0,0.0,0,0.0,0,0.0
1589449620.8267376,0,0.0,0,0.0,0,0.0,0,0.0
1589449620.8364463,0,0.0,0,0.0,0,0.0,0,0.0
1589449620.846731,0,0.0,0,0.0,0,0.0,0,0.0
1589449620.8564458,0,0.0,0,0.0,0,0.0,0,0.0
1589449620.867009,0,0.0,0,0.0,0,0.0,0,0.0
1589449620.876446,0,0.0,0,0.0,0,0.0,0,0.0
1589449620.886987,0,0.0,0,0.0,0,0.0,0,0.0
1589449620.8964982,0,0.0,0,0.0,0,0.0,0,0.0
1589449620.906803,0,0.0,0,0.0,0,0.0,0,0.0
1589449620.9164655,0,0.0,0,0.0,0,0.0,0,0.0
1589449620.926739,0,0.0,0,0.0,0,0.0,0,0.0
1589449620.9366355,0,0.0,0,0.0,0,0.0,0,0.0
1589449620.9467344,0,0.0,0,0.0,0,0.0,0,0.0
1589449620.956453,0,0.0,0,0.0,0,0.0,0,0.0
1589449620.9671507,0,0.0,0,0.0,0,0.0,0,0.0
1589449620.9767015,0,0.0,0,0.0,0,0.0,0,0.0
1589449620.987308,0,0.0,0,0.0,0,0.0,0,0.0
1589449620.997602,0,0.0,0,0.0,0,0.0,0,0.0
1589449621.0078905,0,0.0,0,0.0,0,0.0,0,0.0
1589449621.017597,0,0.0,0,0.0,0,0.0,0,0.0
1589449621.0278897,0,0.0,0,0.0,0,0.0,0,0.0
1589449621.0376046,0,0.0,0,0.0,0,0.0,0,0.0
1589449621.0478852,0,0.0,0,0.0,0,0.0,0,0.0
1589449621.0576057,0,0.0,0,0.0,0,0.0,0,0.0
1589449621.0678866,0,0.0,0,0.0,0,0.0,0,0.0
1589449621.077309,0,0.0,0,0.0,0,0.0,0,0.0
1589449621.087302,0,0.0,0,0.0,0,0.0,0,0.0
1589449621.0975952,0,0.0,0,0.0,0,0.0,0,0.0
1589449621.1078806,0,0.0,0,0.0,0,0.0,0,0.0
1589449621.1175966,0,0.0,0,0.0,0,0.0,0,0.0
1589449621.1278837,0,0.0,0,0.0,0,0.0,0,0.0
1589449621.136724,0,0.0,0,0.0,0,0.0,0,0.0
1589449621.1478798,0,0.0,0,0.0,0,0.0,0,0.0
1589449621.1575985,0,0.0,0,0.0,0,0.0,0,0.0
1589449621.1667163,0,0.0,0,0.0,0,0.0,0,0.0
1589449621.1773057,0,0.0,0,0.0,0,0.0,0,0.0
1589449621.187295,0,0.0,0,0.0,0,0.0,0,0.0
1589449621.1964355,0,0.0,0,0.0,0,0.0,0,0.0
1589449621.207876,0,0.0,0,0.0,0,0.0,0,0.0
1589449621.2164273,0,0.0,0,0.0,0,0.0,0,0.0
1589449621.2267148,0,0.0,0,0.0,0,0.0,0,0.0
1589449621.237589,0,0.0,0,0.0,0,0.0,0,0.0
1589449621.2481642,0,0.0,0,0.0,0,0.0,0,0.0
1589449621.2575848,0,0.0,0,0.0,0,0.0,0,0.0
1589449621.2678778,0,0.0,0,0.0,0,0.0,0,0.0
1589449621.2764275,0,0.0,0,0.0,0,0.0,0,0.0
1589449621.2872994,0,0.0,0,0.0,0,0.0,0,0.0
1589449621.2964244,0,0.0,0,0.0,0,0.0,0,0.0
1589449621.3069594,0,0.0,0,0.0,0,0.0,0,0.0
1589449621.3164217,0,0.0,0,0.0,0,0.0,0,0.0
1589449621.3267145,0,0.0,0,0.0,0,0.0,0,0.0
1589449621.3364236,0,0.0,0,0.0,0,0.0,0,0.0
1589449621.3469143,0,0.0,0,0.0,0,0.0,0,0.0
1589449621.35642,0,0.0,0,0.0,0,0.0,0,0.0
1589449621.3667088,0,0.0,0,0.0,0,0.0,0,0.0
1589449621.3764174,0,0.0,0,0.0,0,0.0,0,0.0
1589449621.3868985,0,0.0,0,0.0,0,0.0,0,0.0
1589449621.396436,0,0.0,0,0.0,0,0.0,0,0.0
1589449621.4069607,0,0.0,0,0.0,0,0.0,0,0.0
1589449621.4164152,0,0.0,0,0.0,0,0.0,0,0.0
1589449621.4267037,0,0.0,0,0.0,0,0.0,0,0.0
1589449621.4364169,0,0.0,0,0.0,0,0.0,0,0.0
1589449621.4467099,0,0.0,0,0.0,0,0.0,0,0.0
1589449621.4564168,0,0.0,0,0.0,0,0.0,0,0.0
1589449621.4667,0,0.0,0,0.0,0,0.0,0,0.0
1589449621.4764135,0,0.0,0,0.0,0,0.0,0,0.0
1589449621.4867828,0,0.0,0,0.0,0,0.0,0,0.0
1589449621.496418,0,0.0,0,0.0,0,0.0,0,0.0
1589449621.5067408,0,0.0,0,0.0,0,0.0,0,0.0
1589449621.516421,0,0.0,0,0.0,0,0.0,0,0.0
1589449621.5267015,0,0.0,0,0.0,0,0.0,0,0.0
1589449621.5364087,0,0.0,0,0.0,0,0.0,0,0.0
1589449621.5468094,0,0.0,0,0.0,0,0.0,0,0.0
1589449621.5564623,0,0.0,0,0.0,0,0.0,0,0.0
1589449621.5667593,0,0.0,0,0.0,0,0.0,0,0.0
1589449621.5765083,0,0.0,0,0.0,0,0.0,0,0.0
1589449621.5867457,0,0.0,0,0.0,0,0.0,0,0.0
1589449621.5964847,0,0.0,0,0.0,0,0.0,0,0.0
1589449621.6067598,0,0.0,0,0.0,0,0.0,0,0.0
1589449621.616432,0,0.0,0,0.0,0,0.0,0,0.0
1589449621.6268926,0,0.0,0,0.0,0,0.0,0,0.0
1589449621.6375637,0,0.0,0,0.0,0,0.0,0,0.0
1589449621.6478586,0,0.0,0,0.0,0,0.0,0,0.0
1589449621.657563,0,0.0,0,0.0,0,0.0,0,0.0
1589449621.667854,0,0.0,0,0.0,0,0.0,0,0.0
1589449621.677571,0,0.0,0,0.0,0,0.0,0,0.0
1589449621.6879022,0,0.0,0,0.0,0,0.0,0,0.0
1589449621.6963987,0,0.0,0,0.0,0,0.0,0,0.0
1589449621.7079065,0,0.0,0,0.0,0,0.0,0,0.0
1589449621.7175705,0,0.0,0,0.0,0,0.0,0,0.0
1589449621.7278523,0,0.0,0,0.0,0,0.0,0,0.0
1589449621.7364006,0,0.0,0,0.0,0,0.0,0,0.0
1589449621.7478445,0,0.0,0,0.0,0,0.0,0,0.0
1589449621.7547994,0,0.0,0,0.0,0,0.0,0,0.0
1589449621.7647521,0,0.0,0,0.0,0,0.0,0,0.0
1589449621.774787,0,0.0,0,0.0,0,0.0,0,0.0
