timestamp,BatteryVoltageLevelHP,StateOfCharge,VoltageMin,VoltageMax,BatteryCurrentLevel,BatteryTemperature,IBSFailSts,BCMSAMFailSts
1588751240.026777,4.0,0,10.6,14.8,-250.0,-30,0,0
1588751240.129653,4.0,0,10.6,14.8,-250.0,-30,0,0
1588751240.227224,4.0,0,10.6,14.8,-250.0,-30,0,0
1588751240.326765,4.0,0,10.6,14.8,-250.0,-30,0,0
1588751240.526801,4.0,0,10.6,14.8,-250.0,-30,0,0
1588751240.426838,4.0,0,10.6,14.8,-250.0,-30,0,0
1588751240.626801,4.0,0,10.6,14.8,-250.0,-30,0,0
1588751240.72679,4.0,0,10.6,14.8,-250.0,-30,0,0
1588751240.826785,4.0,0,10.6,14.8,-250.0,-30,0,0
1588751240.927018,4.0,0,10.6,14.8,-250.0,-30,0,0
1588751241.029609,4.0,0,10.6,14.8,-250.0,-30,0,0
1588751241.129591,4.0,0,10.6,14.8,-250.0,-30,0,0
1588751241.72695,4.0,0,10.6,14.8,-250.0,-30,0,0
1588751241.227002,4.0,0,10.6,14.8,-250.0,-30,0,0
1588751241.329586,4.0,0,10.6,14.8,-250.0,-30,0,0
1588751241.526725,4.0,0,10.6,14.8,-250.0,-30,0,0
1588751241.426729,4.0,0,10.6,14.8,-250.0,-30,0,0
1588751241.62674,4.0,0,10.6,14.8,-250.0,-30,0,0
1588751241.826702,4.0,0,10.6,14.8,-250.0,-30,0,0
1588751241.926694,4.0,0,10.6,14.8,-250.0,-30,0,0
1588751242.026693,4.0,0,10.6,14.8,-250.0,-30,0,0
1588751242.126691,4.0,0,10.6,14.8,-250.0,-30,0,0
1588751242.226712,4.0,0,10.6,14.8,-250.0,-30,0,0
1588751242.330035,4.0,0,10.6,14.8,-250.0,-30,0,0
1588751242.426673,4.0,0,10.6,14.8,-250.0,-30,0,0
1588751242.527252,4.0,0,10.6,14.8,-250.0,-30,0,0
1588751242.626647,4.0,0,10.6,14.8,-250.0,-30,0,0
1588751242.726641,4.0,0,10.6,14.8,-250.0,-30,0,0
1588751242.826686,4.0,0,10.6,14.8,-250.0,-30,0,0
1588751242.927109,4.0,0,10.6,14.8,-250.0,-30,0,0
1588751243.629505,4.0,0,10.6,14.8,-250.0,-30,0,0
1588751243.926757,4.0,0,10.6,14.8,-250.0,-30,0,0
1588751243.026686,4.0,0,10.6,14.8,-250.0,-30,0,0
1588751243.126621,4.0,0,10.6,14.8,-250.0,-30,0,0
1588751243.226644,4.0,0,10.6,14.8,-250.0,-30,0,0
1588751243.326642,4.0,0,10.6,14.8,-250.0,-30,0,0
1588751243.427251,4.0,0,10.6,14.8,-250.0,-30,0,0
1588751243.526924,4.0,0,10.6,14.8,-250.0,-30,0,0
1588751243.726662,4.0,0,10.6,14.8,-250.0,-30,0,0
1588751243.826668,4.0,0,10.6,14.8,-250.0,-30,0,0
1588751244.02681,4.0,0,10.6,14.8,-250.0,-30,0,0
1588751244.12691,4.0,0,10.6,14.8,-250.0,-30,0,0
1588751244.226756,4.0,0,10.6,14.8,-250.0,-30,0,0
1588751244.326755,4.0,0,10.6,14.8,-250.0,-30,0,0
1588751244.426734,4.0,0,10.6,14.8,-250.0,-30,0,0
1588751244.626732,4.0,0,10.6,14.8,-250.0,-30,0,0
1588751244.726911,4.0,0,10.6,14.8,-250.0,-30,0,0
1588751244.52672,4.0,0,10.6,14.8,-250.0,-30,0,0
1588751244.826787,4.0,0,10.6,14.8,-250.0,-30,0,0
1588751244.92671,4.0,0,10.6,14.8,-250.0,-30,0,0
1588751245.026718,4.0,0,10.6,14.8,-250.0,-30,0,0
1588751245.129487,4.0,0,10.6,14.8,-250.0,-30,0,0
1588751245.226708,4.0,0,10.6,14.8,-250.0,-30,0,0
1588751245.326887,4.0,0,10.6,14.8,-250.0,-30,0,0
1588751245.426743,4.0,0,10.6,14.8,-250.0,-30,0,0
1588751245.526706,4.0,0,10.6,14.8,-250.0,-30,0,0
1588751245.626739,4.0,0,10.6,14.8,-250.0,-30,0,0
1588751245.726706,4.0,0,10.6,14.8,-250.0,-30,0,0
1588751245.829544,4.0,0,10.6,14.8,-250.0,-30,0,0
1588751245.926889,4.0,0,10.6,14.8,-250.0,-30,0,0
1588751246.626812,4.0,0,10.6,14.8,-250.0,-30,0,0
1588751246.026999,4.0,0,10.6,14.8,-250.0,-30,0,0
1588751246.126696,4.0,0,10.6,14.8,-250.0,-30,0,0
1588751246.226705,4.0,0,10.6,14.8,-250.0,-30,0,0
1588751246.326705,4.0,0,10.6,14.8,-250.0,-30,0,0
1588751246.426708,4.0,0,10.6,14.8,-250.0,-30,0,0
1588751246.529631,4.0,0,10.6,14.8,-250.0,-30,0,0
1588751246.729553,4.0,0,10.6,14.8,-250.0,-30,0,0
1588751246.826713,4.0,0,10.6,14.8,-250.0,-30,0,0
1588751246.92671,4.0,0,10.6,14.8,-250.0,-30,0,0
1588751247.227473,4.0,0,10.6,14.8,-250.0,-30,0,0
1588751247.329484,4.0,0,10.6,14.8,-250.0,-30,0,0
1588751247.026716,4.0,0,10.6,14.8,-250.0,-30,0,0
1588751247.129456,4.0,0,10.6,14.8,-250.0,-30,0,0
1588751247.426674,4.0,0,10.6,14.8,-250.0,-30,0,0
1588751247.527615,4.0,0,10.6,14.8,-250.0,-30,0,0
1588751247.626661,4.0,0,10.6,14.8,-250.0,-30,0,0
1588751247.726765,4.0,0,10.6,14.8,-250.0,-30,0,0
1588751247.826732,4.0,0,10.6,14.8,-250.0,-30,0,0
1588751247.926664,4.0,0,10.6,14.8,-250.0,-30,0,0
1588751248.026686,4.0,0,10.6,14.8,-250.0,-30,0,0
1588751248.126786,4.0,0,10.6,14.8,-250.0,-30,0,0
1588751248.226688,4.0,0,10.6,14.8,-250.0,-30,0,0
1588751248.329498,4.0,0,10.6,14.8,-250.0,-30,0,0
1588751248.426756,4.0,0,10.6,14.8,-250.0,-30,0,0
1588751248.526661,4.0,0,10.6,14.8,-250.0,-30,0,0
1588751248.626737,4.0,0,10.6,14.8,-250.0,-30,0,0
1588751248.72664,4.0,0,10.6,14.8,-250.0,-30,0,0
1588751248.826806,4.0,0,10.6,14.8,-250.0,-30,0,0
1588751248.926699,4.0,0,10.6,14.8,-250.0,-30,0,0
1588751249.226903,4.0,0,10.6,14.8,-250.0,-30,0,0
1588751249.526698,4.0,0,10.6,14.8,-250.0,-30,0,0
1588751249.027107,4.0,0,10.6,14.8,-250.0,-30,0,0
1588751249.126917,4.0,0,10.6,14.8,-250.0,-30,0,0
1588751249.326653,4.0,0,10.6,14.8,-250.0,-30,0,0
1588751249.426656,4.0,0,10.6,14.8,-250.0,-30,0,0
1588751249.627172,4.0,0,10.6,14.8,-250.0,-30,0,0
1588751249.726678,4.0,0,10.6,14.8,-250.0,-30,0,0
1588751249.829483,4.0,0,10.6,14.8,-250.0,-30,0,0
1588751249.92668,4.0,0,10.6,14.8,-250.0,-30,0,0
1588751250.726681,4.0,0,10.6,14.8,-250.0,-30,0,0
1588751250.826839,4.0,0,10.6,14.8,-250.0,-30,0,0
1588751250.026684,4.0,0,10.6,14.8,-250.0,-30,0,0
1588751250.126706,4.0,0,10.6,14.8,-250.0,-30,0,0
1588751250.226821,4.0,0,10.6,14.8,-250.0,-30,0,0
1588751250.326662,4.0,0,10.6,14.8,-250.0,-30,0,0
1588751250.426664,4.0,0,10.6,14.8,-250.0,-30,0,0
1588751250.526653,4.0,0,10.6,14.8,-250.0,-30,0,0
1588751250.627605,4.0,0,10.6,14.8,-250.0,-30,0,0
1588751250.926732,4.0,0,10.6,14.8,-250.0,-30,0,0
1588751251.026654,4.0,0,10.6,14.8,-250.0,-30,0,0
1588751251.126634,4.0,0,10.6,14.8,-250.0,-30,0,0
1588751251.22763,4.0,0,10.6,14.8,-250.0,-30,0,0
1588751251.326628,4.0,0,10.6,14.8,-250.0,-30,0,0
1588751251.426812,4.0,0,10.6,14.8,-250.0,-30,0,0
1588751251.526689,4.0,0,10.6,14.8,-250.0,-30,0,0
1588751251.626657,4.0,0,10.6,14.8,-250.0,-30,0,0
1588751251.726961,4.0,0,10.6,14.8,-250.0,-30,0,0
1588751251.826617,4.0,0,10.6,14.8,-250.0,-30,0,0
1588751251.926608,4.0,0,10.6,14.8,-250.0,-30,0,0
1588751252.726681,4.0,0,10.6,14.8,-250.0,-30,0,0
1588751252.026809,4.0,0,10.6,14.8,-250.0,-30,0,0
1588751252.126682,4.0,0,10.6,14.8,-250.0,-30,0,0
1588751252.226605,4.0,0,10.6,14.8,-250.0,-30,0,0
1588751252.326602,4.0,0,10.6,14.8,-250.0,-30,0,0
1588751252.426608,4.0,0,10.6,14.8,-250.0,-30,0,0
1588751252.526716,4.0,0,10.6,14.8,-250.0,-30,0,0
1588751252.629533,4.0,0,10.6,14.8,-250.0,-30,0,0
1588751252.826806,4.0,0,10.6,14.8,-250.0,-30,0,0
1588751252.926665,4.0,0,10.6,14.8,-250.0,-30,0,0
1588751253.527035,4.0,0,10.6,14.8,-250.0,-30,0,0
1588751253.626833,4.0,0,10.6,14.8,-250.0,-30,0,0
1588751253.026628,4.0,0,10.6,14.8,-250.0,-30,0,0
1588751253.129366,4.0,0,10.6,14.8,-250.0,-30,0,0
1588751253.226743,4.0,0,10.6,14.8,-250.0,-30,0,0
1588751253.426922,4.0,0,10.6,14.8,-250.0,-30,0,0
1588751253.326835,4.0,0,10.6,14.8,-250.0,-30,0,0
1588751253.826797,4.0,0,10.6,14.8,-250.0,-30,0,0
1588751253.927157,4.0,0,10.6,14.8,-250.0,-30,0,0
1588751253.726778,4.0,0,10.6,14.8,-250.0,-30,0,0
1588751254.129912,4.0,0,10.6,14.8,-250.0,-30,0,0
1588751254.626658,4.0,0,10.6,14.8,-250.0,-30,0,0
1588751254.72708,4.0,0,10.6,14.8,-250.0,-30,0,0
1588751254.026665,4.0,0,10.6,14.8,-250.0,-30,0,0
1588751254.226685,4.0,0,10.6,14.8,-250.0,-30,0,0
1588751254.329429,4.0,0,10.6,14.8,-250.0,-30,0,0
1588751254.426678,4.0,0,10.6,14.8,-250.0,-30,0,0
1588751254.529316,4.0,0,10.6,14.8,-250.0,-30,0,0
1588751254.826751,4.0,0,10.6,14.8,-250.0,-30,0,0
1588751254.926623,4.0,0,10.6,14.8,-250.0,-30,0,0
1588751255.026623,4.0,0,10.6,14.8,-250.0,-30,0,0
1588751255.126632,4.0,0,10.6,14.8,-250.0,-30,0,0
1588751255.226689,4.0,0,10.6,14.8,-250.0,-30,0,0
1588751255.326681,4.0,0,10.6,14.8,-250.0,-30,0,0
1588751255.426788,4.0,0,10.6,14.8,-250.0,-30,0,0
1588751255.526909,4.0,0,10.6,14.8,-250.0,-30,0,0
1588751255.626553,4.0,0,10.6,14.8,-250.0,-30,0,0
1588751255.726509,4.0,0,10.6,14.8,-250.0,-30,0,0
1588751255.826716,4.0,0,10.6,14.8,-250.0,-30,0,0
1588751255.927055,4.0,0,10.6,14.8,-250.0,-30,0,0
1588751256.026685,4.0,0,10.6,14.8,-250.0,-30,0,0
1588751256.126529,4.0,0,10.6,14.8,-250.0,-30,0,0
1588751256.22654,4.0,0,10.6,14.8,-250.0,-30,0,0
1588751256.326528,4.0,0,10.6,14.8,-250.0,-30,0,0
1588751256.426523,4.0,0,10.6,14.8,-250.0,-30,0,0
1588751256.526537,4.0,0,10.6,14.8,-250.0,-30,0,0
1588751256.62669,4.0,0,10.6,14.8,-250.0,-30,0,0
1588751256.726508,4.0,0,10.6,14.8,-250.0,-30,0,0
1588751256.826521,4.0,0,10.6,14.8,-250.0,-30,0,0
1588751256.92693,4.0,0,10.6,14.8,-250.0,-30,0,0
1588751257.026543,4.0,0,10.6,14.8,-250.0,-30,0,0
1588751257.12656,4.0,0,10.6,14.8,-250.0,-30,0,0
1588751257.226688,4.0,0,10.6,14.8,-250.0,-30,0,0
1588751257.326528,4.0,0,10.6,14.8,-250.0,-30,0,0
1588751257.426531,4.0,0,10.6,14.8,-250.0,-30,0,0
1588751257.526534,4.0,0,10.6,14.8,-250.0,-30,0,0
1588751257.626552,4.0,0,10.6,14.8,-250.0,-30,0,0
1588751257.726752,4.0,0,10.6,14.8,-250.0,-30,0,0
1588751257.827024,4.0,0,10.6,14.8,-250.0,-30,0,0
1588751257.926529,4.0,0,10.6,14.8,-250.0,-30,0,0
1588751258.026734,4.0,0,10.6,14.8,-250.0,-30,0,0
1588751258.126608,4.0,0,10.6,14.8,-250.0,-30,0,0
1588751258.226622,4.0,0,10.6,14.8,-250.0,-30,0,0
1588751258.32661,4.0,0,10.6,14.8,-250.0,-30,0,0
1588751258.426863,4.0,0,10.6,14.8,-250.0,-30,0,0
1588751258.529462,4.0,0,10.6,14.8,-250.0,-30,0,0
1588751258.626609,4.0,0,10.6,14.8,-250.0,-30,0,0
1588751258.726607,4.0,0,10.6,14.8,-250.0,-30,0,0
1588751258.926623,4.0,0,10.6,14.8,-250.0,-30,0,0
1588751258.826611,4.0,0,10.6,14.8,-250.0,-30,0,0
1588751259.026859,4.0,0,10.6,14.8,-250.0,-30,0,0
1588751259.126648,4.0,0,10.6,14.8,-250.0,-30,0,0
1588751259.226721,4.0,0,10.6,14.8,-250.0,-30,0,0
1588751259.326596,4.0,0,10.6,14.8,-250.0,-30,0,0
1588751259.427056,4.0,0,10.6,14.8,-250.0,-30,0,0
1588751259.52666,4.0,0,10.6,14.8,-250.0,-30,0,0
1588751259.626827,4.0,0,10.6,14.8,-250.0,-30,0,0
1588751259.726616,4.0,0,10.6,14.8,-250.0,-30,0,0
1588751259.829439,4.0,0,10.6,14.8,-250.0,-30,0,0
1588751259.929457,4.0,0,10.6,14.8,-250.0,-30,0,0
1588751260.026619,4.0,0,10.6,14.8,-250.0,-30,0,0
1588751260.126611,4.0,0,10.6,14.8,-250.0,-30,0,0
1588751260.226847,4.0,0,10.6,14.8,-250.0,-30,0,0
1588751260.326595,4.0,0,10.6,14.8,-250.0,-30,0,0
1588751260.42673,4.0,0,10.6,14.8,-250.0,-30,0,0
1588751260.529434,4.0,0,10.6,14.8,-250.0,-30,0,0
1588751260.626627,4.0,0,10.6,14.8,-250.0,-30,0,0
1588751260.726605,4.0,0,10.6,14.8,-250.0,-30,0,0
1588751260.826864,4.0,0,10.6,14.8,-250.0,-30,0,0
1588751260.926641,4.0,0,10.6,14.8,-250.0,-30,0,0
1588751261.326605,4.0,0,10.6,14.8,-250.0,-30,0,0
1588751261.526649,4.0,0,10.6,14.8,-250.0,-30,0,0
1588751261.726595,4.0,0,10.6,14.8,-250.0,-30,0,0
1588751261.827437,4.0,0,10.6,14.8,-250.0,-30,0,0
1588751261.026617,4.0,0,10.6,14.8,-250.0,-30,0,0
1588751261.126604,4.0,0,10.6,14.8,-250.0,-30,0,0
1588751261.226691,4.0,0,10.6,14.8,-250.0,-30,0,0
1588751261.42693,4.0,0,10.6,14.8,-250.0,-30,0,0
1588751261.626607,4.0,0,10.6,14.8,-250.0,-30,0,0
1588751261.929267,4.0,0,10.6,14.8,-250.0,-30,0,0
1588751262.726677,4.0,0,10.6,14.8,-250.0,-30,0,0
1588751262.827047,4.0,0,10.6,14.8,-250.0,-30,0,0
1588751262.926596,4.0,0,10.6,14.8,-250.0,-30,0,0
1588751262.027534,4.0,0,10.6,14.8,-250.0,-30,0,0
1588751262.126737,4.0,0,10.6,14.8,-250.0,-30,0,0
1588751262.227117,4.0,0,10.6,14.8,-250.0,-30,0,0
1588751262.3269,4.0,0,10.6,14.8,-250.0,-30,0,0
1588751262.426876,4.0,0,10.6,14.8,-250.0,-30,0,0
1588751262.526883,4.0,0,10.6,14.8,-250.0,-30,0,0
1588751262.626742,4.0,0,10.6,14.8,-250.0,-30,0,0
1588751263.026605,4.0,0,10.6,14.8,-250.0,-30,0,0
1588751263.226731,4.0,0,10.6,14.8,-250.0,-30,0,0
1588751263.326618,4.0,0,10.6,14.8,-250.0,-30,0,0
1588751263.826775,4.0,0,10.6,14.8,-250.0,-30,0,0
1588751263.929363,4.0,0,10.6,14.8,-250.0,-30,0,0
1588751263.126596,4.0,0,10.6,14.8,-250.0,-30,0,0
1588751263.429301,4.0,0,10.6,14.8,-250.0,-30,0,0
1588751263.626695,4.0,0,10.6,14.8,-250.0,-30,0,0
1588751263.526614,4.0,0,10.6,14.8,-250.0,-30,0,0
1588751263.726613,4.0,0,10.6,14.8,-250.0,-30,0,0
1588751264.426725,4.0,0,10.6,14.8,-250.0,-30,0,0
1588751264.026539,4.0,0,10.6,14.8,-250.0,-30,0,0
1588751264.126531,4.0,0,10.6,14.8,-250.0,-30,0,0
1588751264.226523,4.0,0,10.6,14.8,-250.0,-30,0,0
1588751264.32929,4.0,0,10.6,14.8,-250.0,-30,0,0
1588751264.52667,4.0,0,10.6,14.8,-250.0,-30,0,0
1588751264.627418,4.0,0,10.6,14.8,-250.0,-30,0,0
1588751264.72652,4.0,0,10.6,14.8,-250.0,-30,0,0
1588751264.826525,4.0,0,10.6,14.8,-250.0,-30,0,0
1588751264.926674,4.0,0,10.6,14.8,-250.0,-30,0,0
1588751265.227436,4.0,0,10.6,14.8,-250.0,-30,0,0
1588751265.026604,4.0,0,10.6,14.8,-250.0,-30,0,0
1588751265.129425,4.0,0,10.6,14.8,-250.0,-30,0,0
1588751265.32652,4.0,0,10.6,14.8,-250.0,-30,0,0
1588751265.426662,4.0,0,10.6,14.8,-250.0,-30,0,0
1588751265.626622,4.0,0,10.6,14.8,-250.0,-30,0,0
1588751265.52653,4.0,0,10.6,14.8,-250.0,-30,0,0
1588751265.726658,4.0,0,10.6,14.8,-250.0,-30,0,0
1588751265.829357,4.0,0,10.6,14.8,-250.0,-30,0,0
1588751265.929347,4.0,0,10.6,14.8,-250.0,-30,0,0
1588751266.026543,4.0,0,10.6,14.8,-250.0,-30,0,0
1588751266.126518,4.0,0,10.6,14.8,-250.0,-30,0,0
1588751266.229325,4.0,0,10.6,14.8,-250.0,-30,0,0
1588751266.326668,4.0,0,10.6,14.8,-250.0,-30,0,0
1588751266.426761,4.0,0,10.6,14.8,-250.0,-30,0,0
1588751266.626602,4.0,0,10.6,14.8,-250.0,-30,0,0
1588751266.726593,4.0,0,10.6,14.8,-250.0,-30,0,0
1588751266.826648,4.0,0,10.6,14.8,-250.0,-30,0,0
1588751266.929328,4.0,0,10.6,14.8,-250.0,-30,0,0
1588751266.526642,4.0,0,10.6,14.8,-250.0,-30,0,0
1588751267.626646,4.0,0,10.6,14.8,-250.0,-30,0,0
1588751267.726599,4.0,0,10.6,14.8,-250.0,-30,0,0
1588751267.826617,4.0,0,10.6,14.8,-250.0,-30,0,0
1588751267.026604,4.0,0,10.6,14.8,-250.0,-30,0,0
1588751267.126599,4.0,0,10.6,14.8,-250.0,-30,0,0
1588751267.226602,4.0,0,10.6,14.8,-250.0,-30,0,0
1588751267.326599,4.0,0,10.6,14.8,-250.0,-30,0,0
1588751267.42685,4.0,0,10.6,14.8,-250.0,-30,0,0
1588751267.526847,4.0,0,10.6,14.8,-250.0,-30,0,0
1588751267.926791,4.0,0,10.6,14.8,-250.0,-30,0,0
1588751268.026652,4.0,0,10.6,14.8,-250.0,-30,0,0
1588751268.126792,4.0,0,10.6,14.8,-250.0,-30,0,0
1588751268.22973,4.0,0,10.6,14.8,-250.0,-30,0,0
1588751268.326598,4.0,0,10.6,14.8,-250.0,-30,0,0
1588751268.426766,4.0,0,10.6,14.8,-250.0,-30,0,0
1588751268.52684,4.0,0,10.6,14.8,-250.0,-30,0,0
1588751268.626643,4.0,0,10.6,14.8,-250.0,-30,0,0
1588751268.726963,4.0,0,10.6,14.8,-250.0,-30,0,0
1588751268.82664,4.0,0,10.6,14.8,-250.0,-30,0,0
1588751268.926722,4.0,0,10.6,14.8,-250.0,-30,0,0
1588751269.026667,4.0,0,10.6,14.8,-250.0,-30,0,0
1588751269.226598,4.0,0,10.6,14.8,-250.0,-30,0,0
1588751269.126598,4.0,0,10.6,14.8,-250.0,-30,0,0
1588751269.326778,4.0,0,10.6,14.8,-250.0,-30,0,0
1588751269.426686,4.0,0,10.6,14.8,-250.0,-30,0,0
1588751269.526609,4.0,0,10.6,14.8,-250.0,-30,0,0
1588751269.626608,4.0,0,10.6,14.8,-250.0,-30,0,0
1588751269.729183,4.0,0,10.6,14.8,-250.0,-30,0,0
1588751269.8266,4.0,0,10.6,14.8,-250.0,-30,0,0
1588751269.926863,4.0,0,10.6,14.8,-250.0,-30,0,0
1588751270.026642,4.0,0,10.6,14.8,-250.0,-30,0,0
1588751270.126588,4.0,0,10.6,14.8,-250.0,-30,0,0
1588751270.226586,4.0,0,10.6,14.8,-250.0,-30,0,0
1588751270.326597,4.0,0,10.6,14.8,-250.0,-30,0,0
1588751270.426717,4.0,0,10.6,14.8,-250.0,-30,0,0
1588751270.726605,4.0,0,10.6,14.8,-250.0,-30,0,0
1588751270.526746,4.0,0,10.6,14.8,-250.0,-30,0,0
1588751270.626665,4.0,0,10.6,14.8,-250.0,-30,0,0
1588751270.826607,4.0,0,10.6,14.8,-250.0,-30,0,0
1588751270.929701,4.0,0,10.6,14.8,-250.0,-30,0,0
1588751271.026609,4.0,0,10.6,14.8,-250.0,-30,0,0
1588751271.126741,4.0,0,10.6,14.8,-250.0,-30,0,0
1588751271.326604,4.0,0,10.6,14.8,-250.0,-30,0,0
1588751271.226671,4.0,0,10.6,14.8,-250.0,-30,0,0
1588751271.426666,4.0,0,10.6,14.8,-250.0,-30,0,0
1588751271.529733,4.0,0,10.6,14.8,-250.0,-30,0,0
1588751271.626607,4.0,0,10.6,14.8,-250.0,-30,0,0
1588751271.727016,4.0,0,10.6,14.8,-250.0,-30,0,0
1588751271.826668,4.0,0,10.6,14.8,-250.0,-30,0,0
1588751271.92667,4.0,0,10.6,14.8,-250.0,-30,0,0
1588751272.126595,4.0,0,10.6,14.8,-250.0,-30,0,0
1588751272.226598,4.0,0,10.6,14.8,-250.0,-30,0,0
1588751272.32653,4.0,0,10.6,14.8,-250.0,-30,0,0
1588751272.026608,4.0,0,10.6,14.8,-250.0,-30,0,0
1588751272.426685,4.0,0,10.6,14.8,-250.0,-30,0,0
1588751272.526524,4.0,0,10.6,14.8,-250.0,-30,0,0
1588751272.626516,4.0,0,10.6,14.8,-250.0,-30,0,0
1588751272.726512,4.0,0,10.6,14.8,-250.0,-30,0,0
1588751272.826514,4.0,0,10.6,14.8,-250.0,-30,0,0
1588751272.926604,4.0,0,10.6,14.8,-250.0,-30,0,0
1588751273.029776,4.0,0,10.6,14.8,-250.0,-30,0,0
1588751273.127239,4.0,0,10.6,14.8,-250.0,-30,0,0
1588751273.226506,4.0,0,10.6,14.8,-250.0,-30,0,0
1588751273.326492,4.0,0,10.6,14.8,-250.0,-30,0,0
1588751273.426561,4.0,0,10.6,14.8,-250.0,-30,0,0
1588751273.526525,4.0,0,10.6,14.8,-250.0,-30,0,0
1588751273.626632,4.0,0,10.6,14.8,-250.0,-30,0,0
1588751273.726512,4.0,0,10.6,14.8,-250.0,-30,0,0
1588751273.826523,4.0,0,10.6,14.8,-250.0,-30,0,0
1588751273.926565,4.0,0,10.6,14.8,-250.0,-30,0,0
1588751274.02717,4.0,0,10.6,14.8,-250.0,-30,0,0
1588751274.426558,4.0,0,10.6,14.8,-250.0,-30,0,0
1588751274.526513,4.0,0,10.6,14.8,-250.0,-30,0,0
1588751274.627206,4.0,0,10.6,14.8,-250.0,-30,0,0
1588751274.126525,4.0,0,10.6,14.8,-250.0,-30,0,0
1588751274.226662,4.0,0,10.6,14.8,-250.0,-30,0,0
1588751274.326491,4.0,0,10.6,14.8,-250.0,-30,0,0
1588751274.729173,4.0,0,10.6,14.8,-250.0,-30,0,0
1588751274.826807,4.0,0,10.6,14.8,-250.0,-30,0,0
1588751274.929779,4.0,0,10.6,14.8,-250.0,-30,0,0
1588751275.726586,4.0,0,10.6,14.8,-250.0,-30,0,0
1588751275.826594,4.0,0,10.6,14.8,-250.0,-30,0,0
1588751275.026613,4.0,0,10.6,14.8,-250.0,-30,0,0
1588751275.126592,4.0,0,10.6,14.8,-250.0,-30,0,0
1588751275.226603,4.0,0,10.6,14.8,-250.0,-30,0,0
1588751275.326602,4.0,0,10.6,14.8,-250.0,-30,0,0
1588751275.42686,4.0,0,10.6,14.8,-250.0,-30,0,0
1588751275.526604,4.0,0,10.6,14.8,-250.0,-30,0,0
1588751275.626602,4.0,0,10.6,14.8,-250.0,-30,0,0
1588751275.926661,4.0,0,10.6,14.8,-250.0,-30,0,0
1588751276.226612,4.0,0,10.6,14.8,-250.0,-30,0,0
1588751276.526649,4.0,0,10.6,14.8,-250.0,-30,0,0
1588751276.726582,4.0,0,10.6,14.8,-250.0,-30,0,0
1588751276.326601,4.0,0,10.6,14.8,-250.0,-30,0,0
1588751276.426671,4.0,0,10.6,14.8,-250.0,-30,0,0
1588751276.126807,4.0,0,10.6,14.8,-250.0,-30,0,0
1588751276.026796,4.0,0,10.6,14.8,-250.0,-30,0,0
1588751276.626784,4.0,0,10.6,14.8,-250.0,-30,0,0
1588751276.826583,4.0,0,10.6,14.8,-250.0,-30,0,0
1588751276.929018,4.0,0,10.6,14.8,-250.0,-30,0,0
1588751277.326595,4.0,0,10.6,14.8,-250.0,-30,0,0
1588751277.12658,4.0,0,10.6,14.8,-250.0,-30,0,0
1588751277.726595,4.0,0,10.6,14.8,-250.0,-30,0,0
1588751277.827232,4.0,0,10.6,14.8,-250.0,-30,0,0
1588751277.026604,4.0,0,10.6,14.8,-250.0,-30,0,0
1588751277.226783,4.0,0,10.6,14.8,-250.0,-30,0,0
1588751277.626592,4.0,0,10.6,14.8,-250.0,-30,0,0
1588751277.426659,4.0,0,10.6,14.8,-250.0,-30,0,0
1588751277.526604,4.0,0,10.6,14.8,-250.0,-30,0,0
1588751277.92667,4.0,0,10.6,14.8,-250.0,-30,0,0
1588751278.226581,4.0,0,10.6,14.8,-250.0,-30,0,0
1588751278.326593,4.0,0,10.6,14.8,-250.0,-30,0,0
1588751278.027212,4.0,0,10.6,14.8,-250.0,-30,0,0
1588751278.126631,4.0,0,10.6,14.8,-250.0,-30,0,0
1588751278.426801,4.0,0,10.6,14.8,-250.0,-30,0,0
1588751278.526858,4.0,0,10.6,14.8,-250.0,-30,0,0
1588751278.626715,4.0,0,10.6,14.8,-250.0,-30,0,0
1588751278.726597,4.0,0,10.6,14.8,-250.0,-30,0,0
1588751278.826591,4.0,0,10.6,14.8,-250.0,-30,0,0
1588751278.926602,4.0,0,10.6,14.8,-250.0,-30,0,0
1588751279.526611,4.0,0,10.6,14.8,-250.0,-30,0,0
1588751279.626761,4.0,0,10.6,14.8,-250.0,-30,0,0
1588751279.72703,4.0,0,10.6,14.8,-250.0,-30,0,0
1588751279.826591,4.0,0,10.6,14.8,-250.0,-30,0,0
1588751279.92659,4.0,0,10.6,14.8,-250.0,-30,0,0
1588751279.026792,4.0,0,10.6,14.8,-250.0,-30,0,0
1588751279.126668,4.0,0,10.6,14.8,-250.0,-30,0,0
1588751279.226605,4.0,0,10.6,14.8,-250.0,-30,0,0
1588751279.326589,4.0,0,10.6,14.8,-250.0,-30,0,0
1588751279.426652,4.0,0,10.6,14.8,-250.0,-30,0,0
1588751280.026599,4.0,0,10.6,14.8,-250.0,-30,0,0
1588751280.126587,4.0,0,10.6,14.8,-250.0,-30,0,0
1588751280.726486,4.0,0,10.6,14.8,-250.0,-30,0,0
1588751280.826524,4.0,0,10.6,14.8,-250.0,-30,0,0
1588751280.226678,4.0,0,10.6,14.8,-250.0,-30,0,0
1588751280.426591,4.0,0,10.6,14.8,-250.0,-30,0,0
1588751280.52659,4.0,0,10.6,14.8,-250.0,-30,0,0
1588751280.626589,4.0,0,10.6,14.8,-250.0,-30,0,0
1588751280.926595,4.0,0,10.6,14.8,-250.0,-30,0,0
1588751280.326667,4.0,0,10.6,14.8,-250.0,-30,0,0
1588751281.02651,4.0,0,10.6,14.8,-250.0,-30,0,0
1588751281.126504,4.0,0,10.6,14.8,-250.0,-30,0,0
1588751281.226498,4.0,0,10.6,14.8,-250.0,-30,0,0
1588751281.326496,4.0,0,10.6,14.8,-250.0,-30,0,0
1588751281.426538,4.0,0,10.6,14.8,-250.0,-30,0,0
1588751281.526635,4.0,0,10.6,14.8,-250.0,-30,0,0
1588751281.627046,4.0,0,10.6,14.8,-250.0,-30,0,0
1588751281.726485,4.0,0,10.6,14.8,-250.0,-30,0,0
1588751281.82653,4.0,0,10.6,14.8,-250.0,-30,0,0
1588751281.926524,4.0,0,10.6,14.8,-250.0,-30,0,0
1588751282.226516,4.0,0,10.6,14.8,-250.0,-30,0,0
1588751282.026526,4.0,0,10.6,14.8,-250.0,-30,0,0
1588751282.126653,4.0,0,10.6,14.8,-250.0,-30,0,0
1588751282.326514,4.0,0,10.6,14.8,-250.0,-30,0,0
1588751282.426509,4.0,0,10.6,14.8,-250.0,-30,0,0
1588751282.529625,4.0,0,10.6,14.8,-250.0,-30,0,0
1588751282.626527,4.0,0,10.6,14.8,-250.0,-30,0,0
1588751282.726669,4.0,0,10.6,14.8,-250.0,-30,0,0
1588751282.827067,4.0,0,10.6,14.8,-250.0,-30,0,0
1588751282.926545,4.0,0,10.6,14.8,-250.0,-30,0,0
1588751283.326763,4.0,0,10.6,14.8,-250.0,-30,0,0
1588751283.426857,4.0,0,10.6,14.8,-250.0,-30,0,0
1588751283.526598,4.0,0,10.6,14.8,-250.0,-30,0,0
1588751283.627169,4.0,0,10.6,14.8,-250.0,-30,0,0
1588751283.726575,4.0,0,10.6,14.8,-250.0,-30,0,0
1588751283.926784,4.0,0,10.6,14.8,-250.0,-30,0,0
1588751283.026509,4.0,0,10.6,14.8,-250.0,-30,0,0
1588751283.126535,4.0,0,10.6,14.8,-250.0,-30,0,0
1588751283.226588,4.0,0,10.6,14.8,-250.0,-30,0,0
1588751283.82658,4.0,0,10.6,14.8,-250.0,-30,0,0
1588751284.026598,4.0,0,10.6,14.8,-250.0,-30,0,0
1588751284.126593,4.0,0,10.6,14.8,-250.0,-30,0,0
1588751284.226585,4.0,0,10.6,14.8,-250.0,-30,0,0
1588751284.327034,4.0,0,10.6,14.8,-250.0,-30,0,0
1588751284.426592,4.0,0,10.6,14.8,-250.0,-30,0,0
1588751284.526777,4.0,0,10.6,14.8,-250.0,-30,0,0
1588751284.626647,4.0,0,10.6,14.8,-250.0,-30,0,0
1588751284.726584,4.0,0,10.6,14.8,-250.0,-30,0,0
1588751284.829718,4.0,0,10.6,14.8,-250.0,-30,0,0
1588751284.926637,4.0,0,10.6,14.8,-250.0,-30,0,0
1588751285.02659,4.0,0,10.6,14.8,-250.0,-30,0,0
1588751285.326592,4.0,0,10.6,14.8,-250.0,-30,0,0
1588751285.526593,4.0,0,10.6,14.8,-250.0,-30,0,0
1588751285.626595,4.0,0,10.6,14.8,-250.0,-30,0,0
1588751285.726644,4.0,0,10.6,14.8,-250.0,-30,0,0
1588751285.827102,4.0,0,10.6,14.8,-250.0,-30,0,0
1588751285.126673,4.0,0,10.6,14.8,-250.0,-30,0,0
1588751285.926586,4.0,0,10.6,14.8,-250.0,-30,0,0
1588751285.226764,4.0,0,10.6,14.8,-250.0,-30,0,0
1588751285.426597,4.0,0,10.6,14.8,-250.0,-30,0,0
1588751286.026606,4.0,0,10.6,14.8,-250.0,-30,0,0
1588751286.126573,4.0,0,10.6,14.8,-250.0,-30,0,0
1588751286.226844,4.0,0,10.6,14.8,-250.0,-30,0,0
1588751286.326683,4.0,0,10.6,14.8,-250.0,-30,0,0
1588751286.42675,4.0,0,10.6,14.8,-250.0,-30,0,0
1588751286.526592,4.0,0,10.6,14.8,-250.0,-30,0,0
1588751286.626949,4.0,0,10.6,14.8,-250.0,-30,0,0
1588751286.82659,4.0,0,10.6,14.8,-250.0,-30,0,0
1588751286.726582,4.0,0,10.6,14.8,-250.0,-30,0,0
1588751286.926926,4.0,0,10.6,14.8,-250.0,-30,0,0
1588751287.026921,4.0,0,10.6,14.8,-250.0,-30,0,0
1588751287.126844,4.0,0,10.6,14.8,-250.0,-30,0,0
1588751287.226584,4.0,0,10.6,14.8,-250.0,-30,0,0
1588751287.326669,4.0,0,10.6,14.8,-250.0,-30,0,0
1588751287.427128,4.0,0,10.6,14.8,-250.0,-30,0,0
1588751287.530351,4.0,0,10.6,14.8,-250.0,-30,0,0
1588751287.626672,4.0,0,10.6,14.8,-250.0,-30,0,0
1588751287.726581,4.0,0,10.6,14.8,-250.0,-30,0,0
1588751287.926592,4.0,0,10.6,14.8,-250.0,-30,0,0
1588751287.826583,4.0,0,10.6,14.8,-250.0,-30,0,0
1588751288.726591,4.0,0,10.6,14.8,-250.0,-30,0,0
1588751288.02662,4.0,0,10.6,14.8,-250.0,-30,0,0
1588751288.126637,4.0,0,10.6,14.8,-250.0,-30,0,0
1588751288.226711,4.0,0,10.6,14.8,-250.0,-30,0,0
1588751288.32658,4.0,0,10.6,14.8,-250.0,-30,0,0
1588751288.426585,4.0,0,10.6,14.8,-250.0,-30,0,0
1588751288.526601,4.0,0,10.6,14.8,-250.0,-30,0,0
1588751288.629714,4.0,0,10.6,14.8,-250.0,-30,0,0
1588751288.826758,4.0,0,10.6,14.8,-250.0,-30,0,0
1588751288.926648,4.0,0,10.6,14.8,-250.0,-30,0,0
1588751289.126499,4.0,0,10.6,14.8,-250.0,-30,0,0
1588751289.026592,4.0,0,10.6,14.8,-250.0,-30,0,0
1588751289.326934,4.0,0,10.6,14.8,-250.0,-30,0,0
1588751289.426695,4.0,0,10.6,14.8,-250.0,-30,0,0
1588751289.2265,4.0,0,10.6,14.8,-250.0,-30,0,0
1588751289.526508,4.0,0,10.6,14.8,-250.0,-30,0,0
1588751289.626508,4.0,0,10.6,14.8,-250.0,-30,0,0
1588751289.726497,4.0,0,10.6,14.8,-250.0,-30,0,0
1588751289.8265,4.0,0,10.6,14.8,-250.0,-30,0,0
1588751289.926524,4.0,0,10.6,14.8,-250.0,-30,0,0
1588751290.626598,4.0,0,10.6,14.8,-250.0,-30,0,0
1588751290.026648,4.0,0,10.6,14.8,-250.0,-30,0,0
1588751290.126489,4.0,0,10.6,14.8,-250.0,-30,0,0
1588751290.226623,4.0,0,10.6,14.8,-250.0,-30,0,0
1588751290.326734,4.0,0,10.6,14.8,-250.0,-30,0,0
1588751290.426827,4.0,0,10.6,14.8,-250.0,-30,0,0
1588751290.52971,4.0,0,10.6,14.8,-250.0,-30,0,0
1588751290.726782,4.0,0,10.6,14.8,-250.0,-30,0,0
1588751290.826589,4.0,0,10.6,14.8,-250.0,-30,0,0
1588751290.926515,4.0,0,10.6,14.8,-250.0,-30,0,0
1588751291.826601,4.0,0,10.6,14.8,-250.0,-30,0,0
1588751291.926941,4.0,0,10.6,14.8,-250.0,-30,0,0
1588751291.0265,4.0,0,10.6,14.8,-250.0,-30,0,0
1588751291.126487,4.0,0,10.6,14.8,-250.0,-30,0,0
1588751291.226874,4.0,0,10.6,14.8,-250.0,-30,0,0
1588751291.326567,4.0,0,10.6,14.8,-250.0,-30,0,0
1588751291.426572,4.0,0,10.6,14.8,-250.0,-30,0,0
1588751291.526551,4.0,0,10.6,14.8,-250.0,-30,0,0
1588751291.6266,4.0,0,10.6,14.8,-250.0,-30,0,0
1588751291.726596,4.0,0,10.6,14.8,-250.0,-30,0,0
1588751292.626671,4.0,0,10.6,14.8,-250.0,-30,0,0
1588751292.726578,4.0,0,10.6,14.8,-250.0,-30,0,0
1588751292.026696,4.0,0,10.6,14.8,-250.0,-30,0,0
1588751292.126577,4.0,0,10.6,14.8,-250.0,-30,0,0
1588751292.229723,4.0,0,10.6,14.8,-250.0,-30,0,0
1588751292.326644,4.0,0,10.6,14.8,-250.0,-30,0,0
1588751292.426582,4.0,0,10.6,14.8,-250.0,-30,0,0
1588751292.526696,4.0,0,10.6,14.8,-250.0,-30,0,0
1588751292.826655,4.0,0,10.6,14.8,-250.0,-30,0,0
1588751292.926619,4.0,0,10.6,14.8,-250.0,-30,0,0
1588751293.326795,4.0,0,10.6,14.8,-250.0,-30,0,0
1588751293.426888,4.0,0,10.6,14.8,-250.0,-30,0,0
1588751293.029831,4.0,0,10.6,14.8,-250.0,-30,0,0
1588751293.126924,4.0,0,10.6,14.8,-250.0,-30,0,0
1588751293.22884,4.0,0,10.6,14.8,-250.0,-30,0,0
1588751293.626754,4.0,0,10.6,14.8,-250.0,-30,0,0
1588751293.729717,4.0,0,10.6,14.8,-250.0,-30,0,0
1588751293.529116,4.0,0,10.6,14.8,-250.0,-30,0,0
1588751293.826586,4.0,0,10.6,14.8,-250.0,-30,0,0
1588751293.929724,4.0,0,10.6,14.8,-250.0,-30,0,0
1588751294.026586,4.0,0,10.6,14.8,-250.0,-30,0,0
1588751294.826767,4.0,0,10.6,14.8,-250.0,-30,0,0
1588751294.926819,4.0,0,10.6,14.8,-250.0,-30,0,0
1588751294.126568,4.0,0,10.6,14.8,-250.0,-30,0,0
1588751294.226754,4.0,0,10.6,14.8,-250.0,-30,0,0
1588751294.326574,4.0,0,10.6,14.8,-250.0,-30,0,0
1588751294.429715,4.0,0,10.6,14.8,-250.0,-30,0,0
1588751294.526596,4.0,0,10.6,14.8,-250.0,-30,0,0
1588751294.626586,4.0,0,10.6,14.8,-250.0,-30,0,0
1588751294.726576,4.0,0,10.6,14.8,-250.0,-30,0,0
1588751295.026643,4.0,0,10.6,14.8,-250.0,-30,0,0
1588751295.126632,4.0,0,10.6,14.8,-250.0,-30,0,0
1588751295.726801,4.0,0,10.6,14.8,-250.0,-30,0,0
1588751295.226659,4.0,0,10.6,14.8,-250.0,-30,0,0
1588751295.329726,4.0,0,10.6,14.8,-250.0,-30,0,0
1588751295.52672,4.0,0,10.6,14.8,-250.0,-30,0,0
1588751295.429772,4.0,0,10.6,14.8,-250.0,-30,0,0
1588751295.62671,4.0,0,10.6,14.8,-250.0,-30,0,0
1588751295.826754,4.0,0,10.6,14.8,-250.0,-30,0,0
1588751295.926747,4.0,0,10.6,14.8,-250.0,-30,0,0
1588751296.430276,4.0,0,10.6,14.8,-250.0,-30,0,0
1588751296.526663,4.0,0,10.6,14.8,-250.0,-30,0,0
1588751296.626583,4.0,0,10.6,14.8,-250.0,-30,0,0
1588751296.726594,4.0,0,10.6,14.8,-250.0,-30,0,0
1588751296.826624,4.0,0,10.6,14.8,-250.0,-30,0,0
1588751296.02661,4.0,0,10.6,14.8,-250.0,-30,0,0
1588751296.126575,4.0,0,10.6,14.8,-250.0,-30,0,0
1588751296.229712,4.0,0,10.6,14.8,-250.0,-30,0,0
1588751296.326643,4.0,0,10.6,14.8,-250.0,-30,0,0
1588751296.926586,4.0,0,10.6,14.8,-250.0,-30,0,0
1588751297.526502,4.0,0,10.6,14.8,-250.0,-30,0,0
1588751297.626504,4.0,0,10.6,14.8,-250.0,-30,0,0
1588751297.026697,4.0,0,10.6,14.8,-250.0,-30,0,0
1588751297.126675,4.0,0,10.6,14.8,-250.0,-30,0,0
1588751297.226574,4.0,0,10.6,14.8,-250.0,-30,0,0
1588751297.326582,4.0,0,10.6,14.8,-250.0,-30,0,0
1588751297.426586,4.0,0,10.6,14.8,-250.0,-30,0,0
1588751297.726764,4.0,0,10.6,14.8,-250.0,-30,0,0
1588751297.826492,4.0,0,10.6,14.8,-250.0,-30,0,0
1588751297.926494,4.0,0,10.6,14.8,-250.0,-30,0,0
1588751298.826508,4.0,0,10.6,14.8,-250.0,-30,0,0
1588751298.026503,4.0,0,10.6,14.8,-250.0,-30,0,0
1588751298.126473,4.0,0,10.6,14.8,-250.0,-30,0,0
1588751298.22654,4.0,0,10.6,14.8,-250.0,-30,0,0
1588751298.329575,4.0,0,10.6,14.8,-250.0,-30,0,0
1588751298.426515,4.0,0,10.6,14.8,-250.0,-30,0,0
1588751298.526501,4.0,0,10.6,14.8,-250.0,-30,0,0
1588751298.626482,4.0,0,10.6,14.8,-250.0,-30,0,0
1588751298.726742,4.0,0,10.6,14.8,-250.0,-30,0,0
1588751298.92663,4.0,0,10.6,14.8,-250.0,-30,0,0
1588751299.02669,4.0,0,10.6,14.8,-250.0,-30,0,0
1588751299.126512,4.0,0,10.6,14.8,-250.0,-30,0,0
1588751299.229596,4.0,0,10.6,14.8,-250.0,-30,0,0
1588751299.326489,4.0,0,10.6,14.8,-250.0,-30,0,0
1588751299.426673,4.0,0,10.6,14.8,-250.0,-30,0,0
1588751299.526654,4.0,0,10.6,14.8,-250.0,-30,0,0
1588751299.626619,4.0,0,10.6,14.8,-250.0,-30,0,0
1588751299.726498,4.0,0,10.6,14.8,-250.0,-30,0,0
1588751299.826522,4.0,0,10.6,14.8,-250.0,-30,0,0
1588751299.926527,4.0,0,10.6,14.8,-250.0,-30,0,0
1588751300.026641,4.0,0,10.6,14.8,-250.0,-30,0,0
1588751300.226642,4.0,0,10.6,14.8,-250.0,-30,0,0
1588751300.126942,4.0,0,10.6,14.8,-250.0,-30,0,0
1588751300.326744,4.0,0,10.6,14.8,-250.0,-30,0,0
1588751300.429715,4.0,0,10.6,14.8,-250.0,-30,0,0
1588751300.529548,4.0,0,10.6,14.8,-250.0,-30,0,0
1588751300.628721,4.0,0,10.6,14.8,-250.0,-30,0,0
1588751300.729641,4.0,0,10.6,14.8,-250.0,-30,0,0
1588751300.826721,4.0,0,10.6,14.8,-250.0,-30,0,0
1588751300.92658,4.0,0,10.6,14.8,-250.0,-30,0,0
1588751301.126579,4.0,0,10.6,14.8,-250.0,-30,0,0
1588751301.22658,4.0,0,10.6,14.8,-250.0,-30,0,0
1588751301.02658,4.0,0,10.6,14.8,-250.0,-30,0,0
1588751301.326742,4.0,0,10.6,14.8,-250.0,-30,0,0
1588751301.526592,4.0,0,10.6,14.8,-250.0,-30,0,0
1588751301.426636,4.0,0,10.6,14.8,-250.0,-30,0,0
1588751301.626727,4.0,0,10.6,14.8,-250.0,-30,0,0
1588751301.726637,4.0,0,10.6,14.8,-250.0,-30,0,0
1588751301.826609,4.0,0,10.6,14.8,-250.0,-30,0,0
1588751301.926674,4.0,0,10.6,14.8,-250.0,-30,0,0
1588751302.029599,4.0,0,10.6,14.8,-250.0,-30,0,0
1588751302.126583,4.0,0,10.6,14.8,-250.0,-30,0,0
1588751302.229698,4.0,0,10.6,14.8,-250.0,-30,0,0
1588751302.326639,4.0,0,10.6,14.8,-250.0,-30,0,0
1588751302.428636,4.0,0,10.6,14.8,-250.0,-30,0,0
1588751302.526658,4.0,0,10.6,14.8,-250.0,-30,0,0
1588751302.62671,4.0,0,10.6,14.8,-250.0,-30,0,0
1588751302.726727,4.0,0,10.6,14.8,-250.0,-30,0,0
1588751302.826579,4.0,0,10.6,14.8,-250.0,-30,0,0
1588751302.92657,4.0,0,10.6,14.8,-250.0,-30,0,0
1588751303.826807,4.0,0,10.6,14.8,-250.0,-30,0,0
1588751303.029571,4.0,0,10.6,14.8,-250.0,-30,0,0
1588751303.126647,4.0,0,10.6,14.8,-250.0,-30,0,0
1588751303.226813,4.0,0,10.6,14.8,-250.0,-30,0,0
1588751303.326582,4.0,0,10.6,14.8,-250.0,-30,0,0
1588751303.429692,4.0,0,10.6,14.8,-250.0,-30,0,0
1588751303.526587,4.0,0,10.6,14.8,-250.0,-30,0,0
1588751303.626578,4.0,0,10.6,14.8,-250.0,-30,0,0
1588751303.726693,4.0,0,10.6,14.8,-250.0,-30,0,0
1588751303.926581,4.0,0,10.6,14.8,-250.0,-30,0,0
1588751304.226895,4.0,0,10.6,14.8,-250.0,-30,0,0
1588751304.026624,4.0,0,10.6,14.8,-250.0,-30,0,0
1588751304.126603,4.0,0,10.6,14.8,-250.0,-30,0,0
1588751304.329362,4.0,0,10.6,14.8,-250.0,-30,0,0
1588751304.430258,4.0,0,10.6,14.8,-250.0,-30,0,0
1588751304.528686,4.0,0,10.6,14.8,-250.0,-30,0,0
1588751304.629606,4.0,0,10.6,14.8,-250.0,-30,0,0
1588751304.726628,4.0,0,10.6,14.8,-250.0,-30,0,0
1588751304.8296,4.0,0,10.6,14.8,-250.0,-30,0,0
1588751304.926619,4.0,0,10.6,14.8,-250.0,-30,0,0
1588751305.026772,4.0,0,10.6,14.8,-250.0,-30,0,0
1588751305.126658,4.0,0,10.6,14.8,-250.0,-30,0,0
1588751305.628781,4.0,0,10.6,14.8,-250.0,-30,0,0
1588751305.226585,4.0,0,10.6,14.8,-250.0,-30,0,0
1588751305.326633,4.0,0,10.6,14.8,-250.0,-30,0,0
1588751305.426565,4.0,0,10.6,14.8,-250.0,-30,0,0
1588751305.529516,4.0,0,10.6,14.8,-250.0,-30,0,0
1588751305.72992,4.0,0,10.6,14.8,-250.0,-30,0,0
1588751305.826507,4.0,0,10.6,14.8,-250.0,-30,0,0
1588751305.929807,4.0,0,10.6,14.8,-250.0,-30,0,0
1588751306.029817,4.0,0,10.6,14.8,-250.0,-30,0,0
1588751306.926529,4.0,0,10.6,14.8,-250.0,-30,0,0
1588751306.126492,4.0,0,10.6,14.8,-250.0,-30,0,0
1588751306.226579,4.0,0,10.6,14.8,-250.0,-30,0,0
1588751306.326529,4.0,0,10.6,14.8,-250.0,-30,0,0
1588751306.426497,4.0,0,10.6,14.8,-250.0,-30,0,0
1588751306.526494,4.0,0,10.6,14.8,-250.0,-30,0,0
1588751306.626485,4.0,0,10.6,14.8,-250.0,-30,0,0
1588751306.726521,4.0,0,10.6,14.8,-250.0,-30,0,0
1588751306.826536,4.0,0,10.6,14.8,-250.0,-30,0,0
1588751307.029528,4.0,0,10.6,14.8,-250.0,-30,0,0
1588751307.129583,4.0,0,10.6,14.8,-250.0,-30,0,0
1588751307.226473,4.0,0,10.6,14.8,-250.0,-30,0,0
1588751307.326482,4.0,0,10.6,14.8,-250.0,-30,0,0
1588751307.426883,4.0,0,10.6,14.8,-250.0,-30,0,0
1588751307.526573,4.0,0,10.6,14.8,-250.0,-30,0,0
1588751307.626484,4.0,0,10.6,14.8,-250.0,-30,0,0
1588751307.726461,4.0,0,10.6,14.8,-250.0,-30,0,0
1588751307.826482,4.0,0,10.6,14.8,-250.0,-30,0,0
1588751307.926624,4.0,0,10.6,14.8,-250.0,-30,0,0
1588751308.029652,4.0,0,10.6,14.8,-250.0,-30,0,0
1588751308.126551,4.0,0,10.6,14.8,-250.0,-30,0,0
1588751308.226482,4.0,0,10.6,14.8,-250.0,-30,0,0
1588751308.326627,4.0,0,10.6,14.8,-250.0,-30,0,0
1588751308.726691,4.0,0,10.6,14.8,-250.0,-30,0,0
1588751308.429503,4.0,0,10.6,14.8,-250.0,-30,0,0
1588751308.526607,4.0,0,10.6,14.8,-250.0,-30,0,0
1588751308.626677,4.0,0,10.6,14.8,-250.0,-30,0,0
1588751308.826645,4.0,0,10.6,14.8,-250.0,-30,0,0
1588751308.926634,4.0,0,10.6,14.8,-250.0,-30,0,0
1588751309.52657,4.0,0,10.6,14.8,-250.0,-30,0,0
1588751309.02663,4.0,0,10.6,14.8,-250.0,-30,0,0
1588751309.126564,4.0,0,10.6,14.8,-250.0,-30,0,0
1588751309.226655,4.0,0,10.6,14.8,-250.0,-30,0,0
1588751309.326706,4.0,0,10.6,14.8,-250.0,-30,0,0
1588751309.426574,4.0,0,10.6,14.8,-250.0,-30,0,0
1588751309.626585,4.0,0,10.6,14.8,-250.0,-30,0,0
1588751309.72656,4.0,0,10.6,14.8,-250.0,-30,0,0
1588751309.82955,4.0,0,10.6,14.8,-250.0,-30,0,0
1588751309.926699,4.0,0,10.6,14.8,-250.0,-30,0,0
1588751310.026604,4.0,0,10.6,14.8,-250.0,-30,0,0
1588751310.129484,4.0,0,10.6,14.8,-250.0,-30,0,0
1588751310.226571,4.0,0,10.6,14.8,-250.0,-30,0,0
1588751310.326582,4.0,0,10.6,14.8,-250.0,-30,0,0
1588751310.426611,4.0,0,10.6,14.8,-250.0,-30,0,0
1588751310.52672,4.0,0,10.6,14.8,-250.0,-30,0,0
